value,font,storyId
a Module._comtpile,Average Font,997
valid in async,Kaktuse,955
a Module._comtpile,Not Awesome Font,435
at Object.Module._extensions..js,Awesome Font,691
at Object.Module._extensions..js,Average Font,84
await is only,Awesome Font,181
await is only,Not Awesome Font,479
BOOLEANSyntaxError,Not Awesome Font,842
function at createScript,Average Font,481
at Object.Module._extensions..js,Not Awesome Font,305
function at createScript,Kaktuse,411
at Object.Module._extensions..js,Average Font,674
a Module._comtpile,Average Font,87
await is only,Not Awesome Font,758
function at createScript,Average Font,16
BOOLEANSyntaxError,Kaktuse,286
at Object.runInThisContext,Average Font,258
at Object.Module._extensions..js,Not Awesome Font,817
function at createScript,Awesome Font,916
await is only,Kaktuse,183
at Object.runInThisContext,Arials,234
a Module._comtpile,Kaktuse,964
at Object.Module._extensions..js,Kaktuse,161
BOOLEANSyntaxError,Not Awesome Font,723
function at createScript,Kaktuse,750
a Module._comtpile,Awesome Font,502
function at createScript,Average Font,708
valid in async,Average Font,423
function at createScript,Arials,991
await is only,Arials,644
at Object.Module._extensions..js,Kaktuse,9
at Object.runInThisContext,Not Awesome Font,335
function at createScript,Kaktuse,885
at Object.Module._extensions..js,Arials,27
valid in async,Awesome Font,598
a Module._comtpile,Arials,33
function at createScript,Arials,487
valid in async,Kaktuse,289
function at createScript,Kaktuse,149
await is only,Not Awesome Font,678
function at createScript,Awesome Font,163
at Object.Module._extensions..js,Kaktuse,236
a Module._comtpile,Not Awesome Font,421
await is only,Average Font,581
a Module._comtpile,Arials,275
valid in async,Average Font,208
at Object.Module._extensions..js,Awesome Font,197
BOOLEANSyntaxError,Average Font,514
await is only,Arials,761
await is only,Kaktuse,855
at Object.Module._extensions..js,Kaktuse,919
at Object.runInThisContext,Awesome Font,861
a Module._comtpile,Not Awesome Font,791
BOOLEANSyntaxError,Not Awesome Font,710
BOOLEANSyntaxError,Awesome Font,241
valid in async,Awesome Font,645
await is only,Not Awesome Font,744
valid in async,Arials,604
valid in async,Awesome Font,551
valid in async,Awesome Font,139
at Object.Module._extensions..js,Awesome Font,285
await is only,Average Font,183
await is only,Arials,758
function at createScript,Average Font,26
BOOLEANSyntaxError,Average Font,600
BOOLEANSyntaxError,Average Font,520
at Object.runInThisContext,Awesome Font,772
await is only,Kaktuse,697
function at createScript,Kaktuse,667
valid in async,Arials,779
await is only,Kaktuse,388
at Object.Module._extensions..js,Average Font,708
at Object.runInThisContext,Awesome Font,976
at Object.runInThisContext,Kaktuse,757
a Module._comtpile,Arials,776
a Module._comtpile,Not Awesome Font,458
await is only,Kaktuse,184
function at createScript,Average Font,519
a Module._comtpile,Average Font,770
valid in async,Average Font,688
valid in async,Awesome Font,102
at Object.runInThisContext,Average Font,396
await is only,Arials,661
valid in async,Arials,108
at Object.Module._extensions..js,Average Font,898
function at createScript,Kaktuse,22
at Object.Module._extensions..js,Kaktuse,343
at Object.Module._extensions..js,Average Font,830
valid in async,Kaktuse,208
function at createScript,Awesome Font,680
at Object.Module._extensions..js,Kaktuse,274
a Module._comtpile,Awesome Font,427
BOOLEANSyntaxError,Arials,542
BOOLEANSyntaxError,Arials,707
at Object.Module._extensions..js,Not Awesome Font,770
BOOLEANSyntaxError,Kaktuse,566
a Module._comtpile,Kaktuse,555
BOOLEANSyntaxError,Awesome Font,6
BOOLEANSyntaxError,Awesome Font,744
at Object.Module._extensions..js,Awesome Font,440
at Object.runInThisContext,Average Font,406
BOOLEANSyntaxError,Kaktuse,519
a Module._comtpile,Awesome Font,656
BOOLEANSyntaxError,Kaktuse,81
at Object.Module._extensions..js,Not Awesome Font,254
BOOLEANSyntaxError,Average Font,824
valid in async,Average Font,207
BOOLEANSyntaxError,Not Awesome Font,71
BOOLEANSyntaxError,Arials,840
at Object.runInThisContext,Average Font,808
at Object.Module._extensions..js,Average Font,553
await is only,Kaktuse,715
a Module._comtpile,Awesome Font,736
at Object.runInThisContext,Arials,600
valid in async,Arials,776
function at createScript,Awesome Font,219
await is only,Average Font,757
at Object.Module._extensions..js,Not Awesome Font,555
a Module._comtpile,Awesome Font,489
at Object.runInThisContext,Not Awesome Font,174
await is only,Average Font,711
BOOLEANSyntaxError,Average Font,977
at Object.runInThisContext,Arials,841
at Object.runInThisContext,Average Font,972
at Object.Module._extensions..js,Not Awesome Font,196
at Object.runInThisContext,Average Font,604
BOOLEANSyntaxError,Not Awesome Font,702
function at createScript,Arials,403
at Object.Module._extensions..js,Awesome Font,465
at Object.Module._extensions..js,Arials,824
at Object.runInThisContext,Kaktuse,603
at Object.runInThisContext,Not Awesome Font,634
await is only,Arials,637
valid in async,Kaktuse,731
BOOLEANSyntaxError,Kaktuse,586
valid in async,Arials,378
await is only,Average Font,309
BOOLEANSyntaxError,Kaktuse,450
at Object.Module._extensions..js,Not Awesome Font,941
await is only,Awesome Font,507
at Object.runInThisContext,Arials,737
at Object.runInThisContext,Average Font,162
BOOLEANSyntaxError,Not Awesome Font,76
function at createScript,Awesome Font,282
a Module._comtpile,Kaktuse,935
valid in async,Average Font,763
at Object.runInThisContext,Average Font,582
at Object.Module._extensions..js,Arials,166
await is only,Not Awesome Font,909
at Object.Module._extensions..js,Awesome Font,565
at Object.Module._extensions..js,Not Awesome Font,419
a Module._comtpile,Awesome Font,559
BOOLEANSyntaxError,Kaktuse,951
at Object.runInThisContext,Arials,649
await is only,Kaktuse,510
at Object.Module._extensions..js,Awesome Font,14
BOOLEANSyntaxError,Awesome Font,866
valid in async,Arials,217
await is only,Average Font,46
BOOLEANSyntaxError,Arials,222
a Module._comtpile,Not Awesome Font,870
await is only,Not Awesome Font,647
at Object.Module._extensions..js,Awesome Font,288
BOOLEANSyntaxError,Arials,583
at Object.Module._extensions..js,Kaktuse,510
BOOLEANSyntaxError,Awesome Font,188
at Object.Module._extensions..js,Awesome Font,385
at Object.runInThisContext,Awesome Font,280
valid in async,Kaktuse,953
function at createScript,Not Awesome Font,361
at Object.Module._extensions..js,Average Font,561
function at createScript,Average Font,322
valid in async,Average Font,410
at Object.Module._extensions..js,Not Awesome Font,363
BOOLEANSyntaxError,Kaktuse,12
a Module._comtpile,Average Font,402
BOOLEANSyntaxError,Not Awesome Font,922
a Module._comtpile,Average Font,556
a Module._comtpile,Not Awesome Font,981
valid in async,Awesome Font,758
function at createScript,Arials,804
at Object.Module._extensions..js,Arials,967
at Object.runInThisContext,Awesome Font,99
at Object.runInThisContext,Kaktuse,238
BOOLEANSyntaxError,Not Awesome Font,340
valid in async,Kaktuse,39
function at createScript,Awesome Font,701
await is only,Arials,995
a Module._comtpile,Not Awesome Font,416
at Object.runInThisContext,Arials,960
function at createScript,Not Awesome Font,115
at Object.Module._extensions..js,Awesome Font,901
a Module._comtpile,Average Font,700
function at createScript,Average Font,122
at Object.Module._extensions..js,Awesome Font,514
at Object.Module._extensions..js,Kaktuse,968
at Object.Module._extensions..js,Not Awesome Font,665
at Object.runInThisContext,Not Awesome Font,605
valid in async,Kaktuse,804
at Object.runInThisContext,Arials,840
a Module._comtpile,Awesome Font,45
at Object.Module._extensions..js,Kaktuse,630
await is only,Arials,250
function at createScript,Kaktuse,524
at Object.runInThisContext,Kaktuse,145
BOOLEANSyntaxError,Awesome Font,762
at Object.runInThisContext,Not Awesome Font,939
valid in async,Arials,574
await is only,Not Awesome Font,675
BOOLEANSyntaxError,Kaktuse,197
a Module._comtpile,Awesome Font,202
a Module._comtpile,Average Font,177
await is only,Average Font,214
valid in async,Awesome Font,519
a Module._comtpile,Arials,459
a Module._comtpile,Kaktuse,826
at Object.runInThisContext,Not Awesome Font,386
function at createScript,Average Font,876
a Module._comtpile,Not Awesome Font,923
valid in async,Arials,740
at Object.runInThisContext,Average Font,433
at Object.runInThisContext,Arials,136
BOOLEANSyntaxError,Average Font,239
a Module._comtpile,Arials,324
valid in async,Not Awesome Font,22
a Module._comtpile,Not Awesome Font,626
valid in async,Awesome Font,57
a Module._comtpile,Average Font,35
at Object.Module._extensions..js,Arials,551
at Object.Module._extensions..js,Kaktuse,835
valid in async,Not Awesome Font,104
at Object.runInThisContext,Average Font,954
at Object.runInThisContext,Awesome Font,970
function at createScript,Kaktuse,218
function at createScript,Arials,995
at Object.Module._extensions..js,Awesome Font,689
at Object.Module._extensions..js,Awesome Font,953
valid in async,Average Font,70
at Object.Module._extensions..js,Arials,972
function at createScript,Not Awesome Font,978
await is only,Average Font,886
valid in async,Arials,302
at Object.Module._extensions..js,Arials,746
BOOLEANSyntaxError,Average Font,52
function at createScript,Average Font,273
await is only,Not Awesome Font,111
function at createScript,Awesome Font,701
at Object.Module._extensions..js,Kaktuse,276
at Object.Module._extensions..js,Arials,95
function at createScript,Awesome Font,856
BOOLEANSyntaxError,Awesome Font,184
at Object.Module._extensions..js,Awesome Font,332
valid in async,Not Awesome Font,745
BOOLEANSyntaxError,Awesome Font,946
await is only,Not Awesome Font,634
a Module._comtpile,Not Awesome Font,947
a Module._comtpile,Not Awesome Font,754
at Object.runInThisContext,Average Font,897
at Object.runInThisContext,Awesome Font,978
function at createScript,Not Awesome Font,43
BOOLEANSyntaxError,Average Font,828
at Object.runInThisContext,Kaktuse,351
BOOLEANSyntaxError,Kaktuse,53
valid in async,Awesome Font,866
BOOLEANSyntaxError,Arials,301
function at createScript,Arials,591
a Module._comtpile,Kaktuse,903
BOOLEANSyntaxError,Awesome Font,728
at Object.Module._extensions..js,Not Awesome Font,452
at Object.runInThisContext,Arials,397
a Module._comtpile,Not Awesome Font,602
function at createScript,Awesome Font,572
BOOLEANSyntaxError,Kaktuse,536
function at createScript,Awesome Font,457
at Object.runInThisContext,Kaktuse,130
valid in async,Arials,689
BOOLEANSyntaxError,Average Font,96
await is only,Arials,173
function at createScript,Arials,676
at Object.runInThisContext,Average Font,192
a Module._comtpile,Kaktuse,764
at Object.Module._extensions..js,Arials,725
at Object.Module._extensions..js,Not Awesome Font,502
at Object.Module._extensions..js,Kaktuse,169
a Module._comtpile,Awesome Font,390
BOOLEANSyntaxError,Kaktuse,602
a Module._comtpile,Not Awesome Font,656
function at createScript,Average Font,816
function at createScript,Awesome Font,258
await is only,Not Awesome Font,956
a Module._comtpile,Average Font,521
BOOLEANSyntaxError,Average Font,668
function at createScript,Awesome Font,89
await is only,Kaktuse,531
BOOLEANSyntaxError,Average Font,905
valid in async,Awesome Font,941
function at createScript,Arials,598
at Object.Module._extensions..js,Arials,395
await is only,Arials,343
valid in async,Awesome Font,120
a Module._comtpile,Not Awesome Font,37
function at createScript,Awesome Font,877
at Object.Module._extensions..js,Arials,231
at Object.runInThisContext,Not Awesome Font,758
function at createScript,Not Awesome Font,761
at Object.Module._extensions..js,Not Awesome Font,750
at Object.runInThisContext,Awesome Font,608
a Module._comtpile,Arials,371
a Module._comtpile,Awesome Font,700
at Object.Module._extensions..js,Not Awesome Font,765
at Object.runInThisContext,Not Awesome Font,22
at Object.runInThisContext,Average Font,825
valid in async,Not Awesome Font,59
valid in async,Kaktuse,288
BOOLEANSyntaxError,Awesome Font,16
await is only,Kaktuse,823
BOOLEANSyntaxError,Awesome Font,704
BOOLEANSyntaxError,Average Font,981
BOOLEANSyntaxError,Average Font,665
a Module._comtpile,Awesome Font,145
function at createScript,Kaktuse,135
at Object.Module._extensions..js,Average Font,608
at Object.runInThisContext,Arials,356
valid in async,Kaktuse,579
at Object.runInThisContext,Not Awesome Font,114
valid in async,Average Font,357
at Object.Module._extensions..js,Arials,166
at Object.runInThisContext,Not Awesome Font,436
at Object.runInThisContext,Awesome Font,238
at Object.runInThisContext,Not Awesome Font,514
a Module._comtpile,Arials,704
await is only,Average Font,568
a Module._comtpile,Awesome Font,322
BOOLEANSyntaxError,Kaktuse,237
at Object.runInThisContext,Arials,589
BOOLEANSyntaxError,Awesome Font,158
at Object.runInThisContext,Arials,154
BOOLEANSyntaxError,Not Awesome Font,398
BOOLEANSyntaxError,Average Font,418
function at createScript,Average Font,319
valid in async,Kaktuse,697
BOOLEANSyntaxError,Awesome Font,101
await is only,Not Awesome Font,370
at Object.Module._extensions..js,Kaktuse,300
at Object.Module._extensions..js,Average Font,480
a Module._comtpile,Arials,432
at Object.Module._extensions..js,Kaktuse,468
at Object.Module._extensions..js,Kaktuse,964
function at createScript,Arials,42
at Object.Module._extensions..js,Kaktuse,967
await is only,Average Font,389
at Object.runInThisContext,Kaktuse,529
a Module._comtpile,Not Awesome Font,523
at Object.Module._extensions..js,Average Font,588
at Object.runInThisContext,Kaktuse,915
at Object.runInThisContext,Not Awesome Font,241
valid in async,Not Awesome Font,978
at Object.runInThisContext,Awesome Font,74
a Module._comtpile,Arials,872
BOOLEANSyntaxError,Arials,716
valid in async,Not Awesome Font,489
BOOLEANSyntaxError,Not Awesome Font,399
BOOLEANSyntaxError,Arials,140
BOOLEANSyntaxError,Kaktuse,131
at Object.runInThisContext,Arials,254
BOOLEANSyntaxError,Kaktuse,910
await is only,Kaktuse,712
a Module._comtpile,Not Awesome Font,220
at Object.runInThisContext,Arials,894
at Object.Module._extensions..js,Arials,409
a Module._comtpile,Not Awesome Font,990
function at createScript,Average Font,588
function at createScript,Kaktuse,885
at Object.runInThisContext,Arials,804
BOOLEANSyntaxError,Kaktuse,405
function at createScript,Not Awesome Font,622
at Object.runInThisContext,Average Font,23
valid in async,Not Awesome Font,387
valid in async,Average Font,860
valid in async,Awesome Font,163
valid in async,Arials,835
a Module._comtpile,Kaktuse,642
function at createScript,Average Font,252
a Module._comtpile,Arials,675
await is only,Kaktuse,497
function at createScript,Awesome Font,526
valid in async,Not Awesome Font,591
await is only,Not Awesome Font,768
at Object.Module._extensions..js,Not Awesome Font,290
at Object.Module._extensions..js,Average Font,373
BOOLEANSyntaxError,Kaktuse,936
a Module._comtpile,Awesome Font,120
function at createScript,Awesome Font,807
at Object.runInThisContext,Not Awesome Font,414
valid in async,Kaktuse,617
function at createScript,Kaktuse,457
function at createScript,Not Awesome Font,787
BOOLEANSyntaxError,Awesome Font,834
a Module._comtpile,Awesome Font,239
BOOLEANSyntaxError,Arials,313
valid in async,Kaktuse,666
at Object.runInThisContext,Awesome Font,484
a Module._comtpile,Not Awesome Font,846
at Object.Module._extensions..js,Not Awesome Font,263
BOOLEANSyntaxError,Not Awesome Font,381
a Module._comtpile,Not Awesome Font,598
at Object.runInThisContext,Kaktuse,208
at Object.runInThisContext,Awesome Font,960
function at createScript,Awesome Font,609
function at createScript,Not Awesome Font,70
valid in async,Arials,193
a Module._comtpile,Kaktuse,572
a Module._comtpile,Awesome Font,8
await is only,Not Awesome Font,511
valid in async,Average Font,442
valid in async,Kaktuse,706
a Module._comtpile,Average Font,247
await is only,Average Font,240
await is only,Awesome Font,130
valid in async,Average Font,798
await is only,Kaktuse,152
function at createScript,Not Awesome Font,735
valid in async,Not Awesome Font,269
valid in async,Average Font,353
at Object.Module._extensions..js,Not Awesome Font,200
valid in async,Kaktuse,471
at Object.runInThisContext,Average Font,686
valid in async,Average Font,328
function at createScript,Average Font,486
valid in async,Awesome Font,289
a Module._comtpile,Kaktuse,998
BOOLEANSyntaxError,Arials,526
valid in async,Average Font,609
a Module._comtpile,Not Awesome Font,161
function at createScript,Arials,414
valid in async,Kaktuse,718
at Object.runInThisContext,Not Awesome Font,648
valid in async,Arials,46
at Object.Module._extensions..js,Kaktuse,889
at Object.runInThisContext,Kaktuse,338
at Object.Module._extensions..js,Awesome Font,757
at Object.Module._extensions..js,Arials,149
BOOLEANSyntaxError,Awesome Font,997
BOOLEANSyntaxError,Kaktuse,213
await is only,Kaktuse,231
BOOLEANSyntaxError,Average Font,668
a Module._comtpile,Average Font,773
at Object.Module._extensions..js,Average Font,397
valid in async,Kaktuse,790
function at createScript,Awesome Font,143
BOOLEANSyntaxError,Not Awesome Font,653
BOOLEANSyntaxError,Awesome Font,119
at Object.runInThisContext,Kaktuse,331
await is only,Average Font,915
at Object.Module._extensions..js,Not Awesome Font,302
BOOLEANSyntaxError,Average Font,228
at Object.runInThisContext,Awesome Font,31
valid in async,Average Font,770
function at createScript,Awesome Font,916
at Object.runInThisContext,Awesome Font,515
function at createScript,Kaktuse,27
at Object.Module._extensions..js,Arials,124
a Module._comtpile,Kaktuse,87
valid in async,Average Font,707
function at createScript,Kaktuse,671
BOOLEANSyntaxError,Kaktuse,2
function at createScript,Arials,850
function at createScript,Not Awesome Font,932
BOOLEANSyntaxError,Awesome Font,176
a Module._comtpile,Average Font,6
BOOLEANSyntaxError,Arials,833
at Object.Module._extensions..js,Not Awesome Font,39
at Object.Module._extensions..js,Not Awesome Font,716
valid in async,Average Font,655
valid in async,Not Awesome Font,319
await is only,Average Font,482
await is only,Awesome Font,700
await is only,Arials,421
valid in async,Arials,851
BOOLEANSyntaxError,Average Font,895
function at createScript,Not Awesome Font,547
at Object.Module._extensions..js,Average Font,578
await is only,Kaktuse,363
BOOLEANSyntaxError,Kaktuse,764
function at createScript,Not Awesome Font,951
function at createScript,Not Awesome Font,712
a Module._comtpile,Arials,854
function at createScript,Kaktuse,270
valid in async,Awesome Font,232
await is only,Awesome Font,66
valid in async,Kaktuse,556
function at createScript,Awesome Font,967
BOOLEANSyntaxError,Awesome Font,850
BOOLEANSyntaxError,Not Awesome Font,364
a Module._comtpile,Awesome Font,766
function at createScript,Arials,309
at Object.Module._extensions..js,Awesome Font,986
valid in async,Awesome Font,13
at Object.runInThisContext,Kaktuse,408
at Object.Module._extensions..js,Awesome Font,946
function at createScript,Arials,110
at Object.Module._extensions..js,Awesome Font,227
at Object.runInThisContext,Kaktuse,768
at Object.runInThisContext,Arials,897
a Module._comtpile,Kaktuse,15
await is only,Awesome Font,602
function at createScript,Kaktuse,25
function at createScript,Not Awesome Font,787
function at createScript,Average Font,984
function at createScript,Average Font,859
function at createScript,Awesome Font,288
a Module._comtpile,Awesome Font,477
BOOLEANSyntaxError,Not Awesome Font,304
valid in async,Arials,147
await is only,Arials,630
a Module._comtpile,Kaktuse,233
await is only,Arials,267
valid in async,Kaktuse,778
BOOLEANSyntaxError,Not Awesome Font,398
at Object.Module._extensions..js,Not Awesome Font,768
BOOLEANSyntaxError,Kaktuse,369
function at createScript,Average Font,895
await is only,Average Font,125
await is only,Kaktuse,635
await is only,Not Awesome Font,910
BOOLEANSyntaxError,Average Font,783
at Object.Module._extensions..js,Kaktuse,587
function at createScript,Awesome Font,513
at Object.runInThisContext,Awesome Font,838
at Object.Module._extensions..js,Average Font,216
BOOLEANSyntaxError,Average Font,842
a Module._comtpile,Average Font,466
await is only,Not Awesome Font,44
function at createScript,Arials,395
valid in async,Kaktuse,902
at Object.Module._extensions..js,Awesome Font,884
valid in async,Average Font,748
function at createScript,Kaktuse,119
at Object.runInThisContext,Kaktuse,420
a Module._comtpile,Arials,682
valid in async,Awesome Font,788
await is only,Awesome Font,658
at Object.Module._extensions..js,Awesome Font,984
valid in async,Arials,55
BOOLEANSyntaxError,Awesome Font,772
await is only,Arials,895
BOOLEANSyntaxError,Kaktuse,134
a Module._comtpile,Kaktuse,506
at Object.runInThisContext,Awesome Font,29
function at createScript,Arials,799
BOOLEANSyntaxError,Awesome Font,110
at Object.Module._extensions..js,Not Awesome Font,366
await is only,Awesome Font,61
await is only,Awesome Font,339
at Object.runInThisContext,Arials,411
at Object.runInThisContext,Awesome Font,883
a Module._comtpile,Awesome Font,801
at Object.runInThisContext,Kaktuse,237
a Module._comtpile,Not Awesome Font,332
await is only,Average Font,494
BOOLEANSyntaxError,Average Font,139
BOOLEANSyntaxError,Arials,449
await is only,Average Font,10
at Object.runInThisContext,Average Font,575
a Module._comtpile,Average Font,849
at Object.Module._extensions..js,Awesome Font,827
at Object.runInThisContext,Awesome Font,169
function at createScript,Average Font,96
a Module._comtpile,Average Font,453
await is only,Average Font,562
function at createScript,Kaktuse,350
at Object.Module._extensions..js,Arials,153
valid in async,Average Font,816
at Object.Module._extensions..js,Arials,344
BOOLEANSyntaxError,Awesome Font,410
BOOLEANSyntaxError,Kaktuse,658
BOOLEANSyntaxError,Awesome Font,696
function at createScript,Awesome Font,516
BOOLEANSyntaxError,Arials,176
at Object.runInThisContext,Average Font,93
BOOLEANSyntaxError,Awesome Font,755
await is only,Not Awesome Font,695
await is only,Arials,701
at Object.Module._extensions..js,Awesome Font,524
at Object.Module._extensions..js,Kaktuse,166
BOOLEANSyntaxError,Arials,676
a Module._comtpile,Arials,972
valid in async,Awesome Font,315
at Object.Module._extensions..js,Not Awesome Font,100
a Module._comtpile,Average Font,26
await is only,Kaktuse,439
at Object.runInThisContext,Not Awesome Font,106
function at createScript,Average Font,784
BOOLEANSyntaxError,Not Awesome Font,961
await is only,Not Awesome Font,715
BOOLEANSyntaxError,Kaktuse,413
a Module._comtpile,Not Awesome Font,666
function at createScript,Average Font,334
at Object.runInThisContext,Kaktuse,843
at Object.Module._extensions..js,Kaktuse,29
BOOLEANSyntaxError,Arials,263
at Object.runInThisContext,Arials,796
await is only,Awesome Font,987
BOOLEANSyntaxError,Average Font,593
function at createScript,Arials,294
valid in async,Arials,839
await is only,Kaktuse,952
function at createScript,Awesome Font,762
await is only,Not Awesome Font,232
function at createScript,Arials,200
valid in async,Average Font,241
await is only,Awesome Font,935
valid in async,Kaktuse,611
valid in async,Arials,706
function at createScript,Awesome Font,216
valid in async,Arials,838
valid in async,Average Font,59
at Object.runInThisContext,Arials,928
at Object.runInThisContext,Awesome Font,338
at Object.Module._extensions..js,Kaktuse,365
valid in async,Not Awesome Font,213
await is only,Average Font,127
at Object.Module._extensions..js,Average Font,374
valid in async,Awesome Font,341
at Object.runInThisContext,Not Awesome Font,879
function at createScript,Not Awesome Font,533
at Object.Module._extensions..js,Average Font,57
valid in async,Awesome Font,360
valid in async,Arials,552
a Module._comtpile,Kaktuse,373
await is only,Awesome Font,140
await is only,Arials,881
at Object.Module._extensions..js,Average Font,122
at Object.Module._extensions..js,Average Font,897
at Object.runInThisContext,Arials,336
valid in async,Average Font,175
await is only,Kaktuse,486
BOOLEANSyntaxError,Average Font,548
at Object.Module._extensions..js,Average Font,184
valid in async,Average Font,637
at Object.Module._extensions..js,Awesome Font,305
function at createScript,Average Font,552
at Object.Module._extensions..js,Not Awesome Font,274
function at createScript,Not Awesome Font,962
BOOLEANSyntaxError,Average Font,246
valid in async,Kaktuse,828
at Object.Module._extensions..js,Arials,722
function at createScript,Kaktuse,848
await is only,Arials,324
valid in async,Kaktuse,979
at Object.runInThisContext,Not Awesome Font,602
function at createScript,Average Font,836
at Object.Module._extensions..js,Not Awesome Font,624
BOOLEANSyntaxError,Not Awesome Font,926
at Object.runInThisContext,Not Awesome Font,804
valid in async,Not Awesome Font,422
valid in async,Arials,50
BOOLEANSyntaxError,Average Font,172
valid in async,Awesome Font,233
at Object.runInThisContext,Awesome Font,768
a Module._comtpile,Awesome Font,78
await is only,Awesome Font,317
at Object.runInThisContext,Not Awesome Font,567
await is only,Awesome Font,105
await is only,Average Font,814
function at createScript,Not Awesome Font,331
at Object.runInThisContext,Kaktuse,406
function at createScript,Kaktuse,702
function at createScript,Average Font,345
await is only,Awesome Font,8
function at createScript,Kaktuse,279
a Module._comtpile,Kaktuse,560
await is only,Arials,658
BOOLEANSyntaxError,Not Awesome Font,445
BOOLEANSyntaxError,Awesome Font,543
function at createScript,Arials,260
valid in async,Awesome Font,911
a Module._comtpile,Awesome Font,903
at Object.runInThisContext,Arials,447
BOOLEANSyntaxError,Awesome Font,798
valid in async,Awesome Font,690
a Module._comtpile,Kaktuse,222
function at createScript,Average Font,275
valid in async,Awesome Font,781
valid in async,Not Awesome Font,194
function at createScript,Not Awesome Font,114
valid in async,Not Awesome Font,140
at Object.runInThisContext,Average Font,102
a Module._comtpile,Awesome Font,903
at Object.runInThisContext,Not Awesome Font,212
await is only,Average Font,512
BOOLEANSyntaxError,Average Font,155
BOOLEANSyntaxError,Kaktuse,707
valid in async,Kaktuse,231
at Object.Module._extensions..js,Arials,716
valid in async,Average Font,353
valid in async,Not Awesome Font,343
at Object.Module._extensions..js,Arials,766
valid in async,Not Awesome Font,821
await is only,Average Font,831
valid in async,Awesome Font,752
function at createScript,Not Awesome Font,139
at Object.runInThisContext,Not Awesome Font,184
at Object.runInThisContext,Awesome Font,915
BOOLEANSyntaxError,Awesome Font,732
a Module._comtpile,Kaktuse,285
at Object.runInThisContext,Awesome Font,588
at Object.Module._extensions..js,Awesome Font,317
at Object.runInThisContext,Average Font,85
at Object.runInThisContext,Awesome Font,317
at Object.runInThisContext,Kaktuse,6
at Object.Module._extensions..js,Kaktuse,256
valid in async,Average Font,292
at Object.Module._extensions..js,Arials,812
a Module._comtpile,Kaktuse,249
await is only,Arials,608
valid in async,Kaktuse,843
await is only,Not Awesome Font,228
at Object.runInThisContext,Not Awesome Font,704
function at createScript,Kaktuse,840
at Object.runInThisContext,Awesome Font,665
BOOLEANSyntaxError,Arials,136
a Module._comtpile,Average Font,107
function at createScript,Arials,568
function at createScript,Arials,40
function at createScript,Awesome Font,253
BOOLEANSyntaxError,Average Font,611
at Object.runInThisContext,Awesome Font,280
at Object.runInThisContext,Arials,548
at Object.Module._extensions..js,Not Awesome Font,574
await is only,Not Awesome Font,687
function at createScript,Kaktuse,525
await is only,Awesome Font,891
a Module._comtpile,Arials,943
function at createScript,Average Font,752
a Module._comtpile,Average Font,269
await is only,Arials,368
BOOLEANSyntaxError,Arials,410
BOOLEANSyntaxError,Awesome Font,724
a Module._comtpile,Arials,19
a Module._comtpile,Kaktuse,209
await is only,Average Font,999
at Object.Module._extensions..js,Kaktuse,389
a Module._comtpile,Arials,949
BOOLEANSyntaxError,Arials,265
valid in async,Arials,877
at Object.Module._extensions..js,Average Font,365
at Object.Module._extensions..js,Not Awesome Font,395
a Module._comtpile,Average Font,270
BOOLEANSyntaxError,Kaktuse,104
await is only,Not Awesome Font,713
BOOLEANSyntaxError,Average Font,643
function at createScript,Kaktuse,281
valid in async,Arials,959
a Module._comtpile,Arials,618
await is only,Arials,456
BOOLEANSyntaxError,Not Awesome Font,353
valid in async,Average Font,651
function at createScript,Arials,687
await is only,Arials,309
valid in async,Awesome Font,105
await is only,Kaktuse,799
BOOLEANSyntaxError,Kaktuse,550
valid in async,Not Awesome Font,283
function at createScript,Arials,1
at Object.runInThisContext,Awesome Font,432
at Object.runInThisContext,Not Awesome Font,163
function at createScript,Average Font,95
a Module._comtpile,Not Awesome Font,581
BOOLEANSyntaxError,Arials,531
at Object.runInThisContext,Kaktuse,106
function at createScript,Kaktuse,966
at Object.Module._extensions..js,Average Font,404
at Object.Module._extensions..js,Not Awesome Font,337
valid in async,Kaktuse,919
function at createScript,Kaktuse,256
at Object.runInThisContext,Not Awesome Font,744
a Module._comtpile,Awesome Font,23
valid in async,Awesome Font,958
a Module._comtpile,Awesome Font,558
at Object.runInThisContext,Arials,300
function at createScript,Arials,752
a Module._comtpile,Not Awesome Font,401
BOOLEANSyntaxError,Average Font,941
at Object.Module._extensions..js,Not Awesome Font,946
at Object.runInThisContext,Average Font,853
valid in async,Not Awesome Font,144
a Module._comtpile,Kaktuse,736
await is only,Arials,807
BOOLEANSyntaxError,Not Awesome Font,864
at Object.Module._extensions..js,Not Awesome Font,142
at Object.Module._extensions..js,Not Awesome Font,862
valid in async,Average Font,795
a Module._comtpile,Kaktuse,887
await is only,Arials,346
BOOLEANSyntaxError,Not Awesome Font,931
function at createScript,Average Font,651
await is only,Awesome Font,281
await is only,Average Font,811
function at createScript,Average Font,556
at Object.Module._extensions..js,Average Font,350
at Object.runInThisContext,Average Font,481
function at createScript,Not Awesome Font,113
await is only,Kaktuse,846
at Object.runInThisContext,Average Font,458
at Object.runInThisContext,Awesome Font,242
await is only,Average Font,832
a Module._comtpile,Kaktuse,982
at Object.Module._extensions..js,Kaktuse,249
function at createScript,Average Font,658
at Object.Module._extensions..js,Awesome Font,762
BOOLEANSyntaxError,Arials,937
await is only,Arials,829
await is only,Arials,401
function at createScript,Awesome Font,227
BOOLEANSyntaxError,Arials,243
a Module._comtpile,Not Awesome Font,57
valid in async,Awesome Font,215
a Module._comtpile,Awesome Font,100
at Object.Module._extensions..js,Not Awesome Font,359
valid in async,Kaktuse,104
at Object.runInThisContext,Not Awesome Font,556
at Object.Module._extensions..js,Awesome Font,983
at Object.runInThisContext,Arials,21
a Module._comtpile,Not Awesome Font,697
at Object.runInThisContext,Not Awesome Font,996
a Module._comtpile,Kaktuse,863
a Module._comtpile,Kaktuse,327
BOOLEANSyntaxError,Awesome Font,321
at Object.Module._extensions..js,Not Awesome Font,430
at Object.Module._extensions..js,Kaktuse,567
BOOLEANSyntaxError,Awesome Font,157
at Object.runInThisContext,Not Awesome Font,233
a Module._comtpile,Arials,682
function at createScript,Awesome Font,87
at Object.Module._extensions..js,Arials,656
await is only,Awesome Font,104
at Object.runInThisContext,Not Awesome Font,972
a Module._comtpile,Kaktuse,908
at Object.Module._extensions..js,Average Font,263
at Object.Module._extensions..js,Not Awesome Font,500
BOOLEANSyntaxError,Kaktuse,699
at Object.runInThisContext,Average Font,536
at Object.runInThisContext,Awesome Font,685
at Object.Module._extensions..js,Average Font,710
BOOLEANSyntaxError,Kaktuse,361
at Object.Module._extensions..js,Not Awesome Font,448
BOOLEANSyntaxError,Average Font,244
valid in async,Not Awesome Font,24
at Object.Module._extensions..js,Kaktuse,511
a Module._comtpile,Kaktuse,198
BOOLEANSyntaxError,Kaktuse,920
function at createScript,Average Font,463
a Module._comtpile,Arials,895
BOOLEANSyntaxError,Awesome Font,263
valid in async,Arials,22
function at createScript,Kaktuse,121
function at createScript,Average Font,99
valid in async,Average Font,672
at Object.Module._extensions..js,Average Font,287
BOOLEANSyntaxError,Kaktuse,341
at Object.runInThisContext,Kaktuse,285
await is only,Average Font,160
a Module._comtpile,Not Awesome Font,316
a Module._comtpile,Awesome Font,815
valid in async,Kaktuse,91
at Object.Module._extensions..js,Kaktuse,48
at Object.runInThisContext,Average Font,389
await is only,Not Awesome Font,835
a Module._comtpile,Not Awesome Font,718
BOOLEANSyntaxError,Arials,282
await is only,Kaktuse,922
at Object.runInThisContext,Not Awesome Font,583
await is only,Awesome Font,746
function at createScript,Average Font,283
function at createScript,Arials,35
await is only,Awesome Font,86
a Module._comtpile,Arials,279
valid in async,Kaktuse,306
function at createScript,Kaktuse,894
at Object.Module._extensions..js,Awesome Font,304
await is only,Average Font,383
a Module._comtpile,Not Awesome Font,104
BOOLEANSyntaxError,Kaktuse,535
at Object.runInThisContext,Average Font,643
BOOLEANSyntaxError,Average Font,968
await is only,Awesome Font,580
BOOLEANSyntaxError,Average Font,328
a Module._comtpile,Not Awesome Font,841
at Object.runInThisContext,Arials,858
await is only,Kaktuse,606
at Object.runInThisContext,Kaktuse,163
a Module._comtpile,Arials,484
function at createScript,Not Awesome Font,409
valid in async,Kaktuse,863
function at createScript,Not Awesome Font,585
valid in async,Average Font,801
BOOLEANSyntaxError,Arials,445
BOOLEANSyntaxError,Average Font,351
BOOLEANSyntaxError,Awesome Font,571
BOOLEANSyntaxError,Kaktuse,559
valid in async,Awesome Font,605
function at createScript,Awesome Font,759
a Module._comtpile,Average Font,934
BOOLEANSyntaxError,Not Awesome Font,563
BOOLEANSyntaxError,Awesome Font,431
function at createScript,Arials,333
BOOLEANSyntaxError,Awesome Font,894
function at createScript,Awesome Font,738
function at createScript,Kaktuse,53
valid in async,Average Font,138
await is only,Average Font,731
at Object.runInThisContext,Not Awesome Font,372
BOOLEANSyntaxError,Average Font,655
valid in async,Average Font,823
at Object.runInThisContext,Average Font,400
valid in async,Average Font,287
valid in async,Awesome Font,462
at Object.Module._extensions..js,Average Font,271
BOOLEANSyntaxError,Kaktuse,503
function at createScript,Average Font,88
at Object.runInThisContext,Arials,2
await is only,Average Font,152
at Object.runInThisContext,Arials,59
BOOLEANSyntaxError,Arials,744
a Module._comtpile,Arials,636
a Module._comtpile,Kaktuse,15
at Object.runInThisContext,Awesome Font,710
at Object.runInThisContext,Awesome Font,253
BOOLEANSyntaxError,Awesome Font,755
await is only,Kaktuse,458
valid in async,Awesome Font,662
await is only,Average Font,200
at Object.Module._extensions..js,Awesome Font,889
at Object.Module._extensions..js,Arials,467
at Object.Module._extensions..js,Kaktuse,476
at Object.Module._extensions..js,Not Awesome Font,361
at Object.runInThisContext,Arials,548
valid in async,Kaktuse,82
BOOLEANSyntaxError,Arials,832
valid in async,Awesome Font,29
BOOLEANSyntaxError,Average Font,586
a Module._comtpile,Average Font,919
valid in async,Awesome Font,919
valid in async,Arials,573
BOOLEANSyntaxError,Average Font,281
a Module._comtpile,Arials,112
a Module._comtpile,Awesome Font,636
valid in async,Average Font,665
BOOLEANSyntaxError,Average Font,78
await is only,Kaktuse,761
at Object.runInThisContext,Awesome Font,84
a Module._comtpile,Arials,243
a Module._comtpile,Average Font,530
a Module._comtpile,Arials,428
at Object.runInThisContext,Arials,268
at Object.runInThisContext,Not Awesome Font,308
valid in async,Kaktuse,600
at Object.runInThisContext,Average Font,831
function at createScript,Arials,471
BOOLEANSyntaxError,Not Awesome Font,158
BOOLEANSyntaxError,Not Awesome Font,704
function at createScript,Average Font,372
BOOLEANSyntaxError,Awesome Font,380
a Module._comtpile,Awesome Font,301
a Module._comtpile,Arials,598
BOOLEANSyntaxError,Average Font,88
at Object.runInThisContext,Awesome Font,762
a Module._comtpile,Average Font,194
at Object.Module._extensions..js,Awesome Font,903
valid in async,Arials,294
valid in async,Not Awesome Font,227
BOOLEANSyntaxError,Kaktuse,641
await is only,Not Awesome Font,5
at Object.Module._extensions..js,Not Awesome Font,247
await is only,Average Font,47
await is only,Awesome Font,137
a Module._comtpile,Not Awesome Font,424
valid in async,Average Font,589
a Module._comtpile,Not Awesome Font,525
await is only,Awesome Font,216
at Object.runInThisContext,Not Awesome Font,165
BOOLEANSyntaxError,Average Font,849
at Object.runInThisContext,Awesome Font,734
await is only,Arials,427
a Module._comtpile,Arials,87
a Module._comtpile,Not Awesome Font,149
at Object.runInThisContext,Awesome Font,702
a Module._comtpile,Arials,850
at Object.runInThisContext,Not Awesome Font,357
at Object.runInThisContext,Average Font,895
a Module._comtpile,Not Awesome Font,312
at Object.Module._extensions..js,Not Awesome Font,167
valid in async,Awesome Font,870
BOOLEANSyntaxError,Kaktuse,403
function at createScript,Arials,898
valid in async,Kaktuse,339
at Object.runInThisContext,Average Font,707
valid in async,Average Font,312
at Object.Module._extensions..js,Awesome Font,42
